ISO,country,year,zeroFV,zeroFV_LCI,zeroFV_UCI,wb_region,incgrp,UN_status_detail,UNmemberstate,UN_status,territoryof,ISO_governing,UN_contregion_code,UN_continental_region,UN_subregion_code,UN_subregion,UN_intermedregion_code,UN_intermediary_region,m49_code
BEN,Benin,2021,15.43,12.3,18.85,Sub-Saharan Africa,Lower middle income,Member State,1,"Territory, region, or administrated by a state",Member State,,002,Africa,202,Sub-Saharan Africa,011,Western Africa,204
BFA,Burkina Faso,2021,12.07,8.84,15.72,Sub-Saharan Africa,Low income,Member State,1,"Territory, region, or administrated by a state",Member State,,002,Africa,202,Sub-Saharan Africa,011,Western Africa,854
BGD,Bangladesh,2021,14.12,11.82,16.6,South Asia,Lower middle income,Member State,1,"Territory, region, or administrated by a state",Member State,,142,Asia,034,Southern Asia,,,050
BOL,Bolivia (Plurinational State of),2021,2.94,1.52,4.82,Latin America & Caribbean,Lower middle income,Member State,1,"Territory, region, or administrated by a state",Member State,,019,Americas,419,Latin America and the Caribbean,005,South America,068
CHL,Chile,2021,3.41,2.2,4.87,Latin America & Caribbean,High income,Member State,1,"Territory, region, or administrated by a state",Member State,,019,Americas,419,Latin America and the Caribbean,005,South America,152
CHN,China,2021,3.76,2.81,4.859999999999999,East Asia & Pacific,Upper middle income,Member State,1,"Territory, region, or administrated by a state",Member State,,142,Asia,030,Eastern Asia,,,156
CMR,Cameroon,2021,14.05,11.61,16.69,Sub-Saharan Africa,Lower middle income,Member State,1,"Territory, region, or administrated by a state",Member State,,002,Africa,202,Sub-Saharan Africa,017,Middle Africa,120
COL,Colombia,2021,8.859999999999999,6.83,11.13,Latin America & Caribbean,Upper middle income,Member State,1,"Territory, region, or administrated by a state",Member State,,019,Americas,419,Latin America and the Caribbean,005,South America,170
ECU,Ecuador,2021,5.59,3.6,7.99,Latin America & Caribbean,Upper middle income,Member State,1,"Territory, region, or administrated by a state",Member State,,019,Americas,419,Latin America and the Caribbean,005,South America,218
EGY,Egypt,2021,5.94,4.05,8.16,Middle East & North Africa,Lower middle income,Member State,1,"Territory, region, or administrated by a state",Member State,,002,Africa,015,Northern Africa,,,818
GAB,Gabon,2021,13.25,10.12,16.73,Sub-Saharan Africa,Upper middle income,Member State,1,"Territory, region, or administrated by a state",Member State,,002,Africa,202,Sub-Saharan Africa,017,Middle Africa,266
GHA,Ghana,2021,9.58,7.23,12.22,Sub-Saharan Africa,Lower middle income,Member State,1,"Territory, region, or administrated by a state",Member State,,002,Africa,202,Sub-Saharan Africa,011,Western Africa,288
GRC,Greece,2021,4.45,2.67,6.660000000000001,Europe & Central Asia,High income,Member State,1,"Territory, region, or administrated by a state",Member State,,150,Europe,039,Southern Europe,,,300
IDN,Indonesia,2021,3.93,2.24,6.08,East Asia & Pacific,Lower middle income,Member State,1,"Territory, region, or administrated by a state",Member State,,142,Asia,035,South-eastern Asia,,,360
IND,India,2021,22.3,20.22,24.44,South Asia,Lower middle income,Member State,1,"Territory, region, or administrated by a state",Member State,,142,Asia,034,Southern Asia,,,356
ISR,Israel,2021,1.85,.8999999999999999,3.13,Middle East & North Africa,High income,Member State,1,"Territory, region, or administrated by a state",Member State,,142,Asia,145,Western Asia,,,376
JOR,Jordan,2021,12.23,9.92,14.74,Middle East & North Africa,Upper middle income,Member State,1,"Territory, region, or administrated by a state",Member State,,142,Asia,145,Western Asia,,,400
KAZ,Kazakhstan,2021,3.75,2.37,5.44,Europe & Central Asia,Upper middle income,Member State,1,"Territory, region, or administrated by a state",Member State,,142,Asia,143,Central Asia,,,398
KEN,Kenya,2021,7.06,4.45,10.22,Sub-Saharan Africa,Lower middle income,Member State,1,"Territory, region, or administrated by a state",Member State,,002,Africa,202,Sub-Saharan Africa,014,Eastern Africa,404
KHM,Cambodia,2021,8.35,6.36,10.59,East Asia & Pacific,Lower middle income,Member State,1,"Territory, region, or administrated by a state",Member State,,142,Asia,035,South-eastern Asia,,,116
LAO,Lao People's Democratic Republic,2021,5.11,3.09,7.59,East Asia & Pacific,Lower middle income,Member State,1,"Territory, region, or administrated by a state",Member State,,142,Asia,035,South-eastern Asia,,,418
LBN,Lebanon,2021,10.94,8.780000000000001,13.3,Middle East & North Africa,Lower middle income,Member State,1,"Territory, region, or administrated by a state",Member State,,142,Asia,145,Western Asia,,,422
LKA,Sri Lanka,2021,5.83,3.49,8.720000000000001,South Asia,Lower middle income,Member State,1,"Territory, region, or administrated by a state",Member State,,142,Asia,034,Southern Asia,,,144
MAR,Morocco,2021,4.58,3.01,6.460000000000001,Middle East & North Africa,Lower middle income,Member State,1,"Territory, region, or administrated by a state",Member State,,002,Africa,015,Northern Africa,,,504
MEX,Mexico,2021,3.57,2.23,5.2,Latin America & Caribbean,Upper middle income,Member State,1,"Territory, region, or administrated by a state",Member State,,019,Americas,419,Latin America and the Caribbean,013,Central America,484
MOZ,Mozambique,2021,10.6,6.76,15.17,Sub-Saharan Africa,Low income,Member State,1,"Territory, region, or administrated by a state",Member State,,002,Africa,202,Sub-Saharan Africa,014,Eastern Africa,508
NGA,Nigeria,2021,17.42,14.15,20.95,Sub-Saharan Africa,Lower middle income,Member State,1,"Territory, region, or administrated by a state",Member State,,002,Africa,202,Sub-Saharan Africa,011,Western Africa,566
NIC,Nicaragua,2021,12.63,9.99,15.53,Latin America & Caribbean,Lower middle income,Member State,1,"Territory, region, or administrated by a state",Member State,,019,Americas,419,Latin America and the Caribbean,013,Central America,558
NPL,Nepal,2021,11.06,8.4,14.03,South Asia,Lower middle income,Member State,1,"Territory, region, or administrated by a state",Member State,,142,Asia,034,Southern Asia,,,524
PAK,Pakistan,2021,12.7,9.719999999999999,16.01,South Asia,Lower middle income,Member State,1,"Territory, region, or administrated by a state",Member State,,142,Asia,034,Southern Asia,,,586
PHL,Philippines,2021,6.05,4.279999999999999,8.1,East Asia & Pacific,Lower middle income,Member State,1,"Territory, region, or administrated by a state",Member State,,142,Asia,035,South-eastern Asia,,,608
RUS,Russian Federation,2021,5.28,4.09,6.61,Europe & Central Asia,Upper middle income,Member State,1,"Territory, region, or administrated by a state",Member State,,150,Europe,151,Eastern Europe,,,643
SEN,Senegal,2021,9.68,7.290000000000001,12.36,Sub-Saharan Africa,Lower middle income,Member State,1,"Territory, region, or administrated by a state",Member State,,002,Africa,202,Sub-Saharan Africa,011,Western Africa,686
SLE,Sierra Leone,2021,14.85,12.36,17.52,Sub-Saharan Africa,Low income,Member State,1,"Territory, region, or administrated by a state",Member State,,002,Africa,202,Sub-Saharan Africa,011,Western Africa,694
TJK,Tajikistan,2021,1.92,.8999999999999999,3.3,Europe & Central Asia,Lower middle income,Member State,1,"Territory, region, or administrated by a state",Member State,,142,Asia,143,Central Asia,,,762
TUR,Türkiye,2021,7.920000000000001,6.02,10.06,Europe & Central Asia,Upper middle income,Member State,1,"Territory, region, or administrated by a state",Member State,,142,Asia,145,Western Asia,,,792
TZA,United Republic of Tanzania,2021,18.37,14.73,22.31,Sub-Saharan Africa,Lower middle income,Member State,1,"Territory, region, or administrated by a state",Member State,,002,Africa,202,Sub-Saharan Africa,014,Eastern Africa,834
UGA,Uganda,2021,8.469999999999999,6.279999999999999,10.95,Sub-Saharan Africa,Low income,Member State,1,"Territory, region, or administrated by a state",Member State,,002,Africa,202,Sub-Saharan Africa,014,Eastern Africa,800
USA,United States of America,2021,5.62,3.83,7.720000000000001,North America,High income,Member State,1,"Territory, region, or administrated by a state",Member State,,019,Americas,021,Northern America,,,840
VNM,Viet Nam,2021,2.96,1.29,5.28,East Asia & Pacific,Lower middle income,Member State,1,"Territory, region, or administrated by a state",Member State,,142,Asia,035,South-eastern Asia,,,704
ZAF,South Africa,2021,10.45,7.73,13.53,Sub-Saharan Africa,Upper middle income,Member State,1,"Territory, region, or administrated by a state",Member State,,002,Africa,202,Sub-Saharan Africa,018,Southern Africa,710
